"measure","n"
"PULSE OXIMETRY",699238
"PULSE",679457
"RESPIRATIONS",648822
"BLOOD PRESSURE",602722
"R MAP",516730
"R CPN GLASGOW COMA SCALE EYE OPENING",443565
"R CPN GLASGOW COMA SCALE BEST VERBAL RESPONSE",439932
"R CPN GLASGOW COMA SCALE BEST MOTOR RESPONSE",439787
"R CPN GLASGOW COMA SCALE SCORE",439449
"R FIO2",304634
"R MEWS SCORE",228862
"R LINE SITE ASSESSMENT",217360
"R DRESSING STATUS",216436
"TEMPERATURE",212441
"R OXYGEN DEVICE",211632
"TEMP SOURCE",200342
"R ACTIVITY",191243
"R ORTHOSTATIC POSITION",177895
"R BP LOCATION",177719
"R BP METHOD",177047
"R LEVEL OF ASSISTANCE",170750
"R PAIN ASSESSMENT",163622
"R URINE OUTPUT",157466
"R LINE STATUS",140102
"R HEART RATE SOURCE",132391
"R CARDIAC RHYTHM",127774
"R RESTLESSNESS (OPAS)",127263
"R FACIAL EXPRESSION (OPAS)",119362
"R VOCALIZATION (OPAS)",119306
"R MUSCLE TENSION (OPAS)",119288
"R WOUND GUARDING OR PAIN SITE (OPAS)",119234
"R OPAS SCORE",118817
"R ASSISTIVE DEVICE",117902
"R SEDATION LEVEL SCORE",116960
"R VENT PEEP",100242
"R VENT PIP OBS",99312
"R URINARY INCONTINENCE",98195
"R RICHMOND AGITATION SEDATION SCALE",96387
"R URINE SOURCE",92500
"R VENT EXP TIDAL VOLUME",92248
"PAIN SCORE (CATEGORY LIST)",90547
"R BOWEL INCONTINENCE",87701
"R URINE COLOR",84038
"R MOTOR RESPONSE LEFT UPPER EXT",83487
"R MOTOR RESPONSE RIGHT UPPER EXT",83481
"R MOTOR RESPONSE RIGHT LOWER EXT",82350
"R MOTOR RESPONSE LEFT LOWER EXT",82288
"R PUPIL SIZE RIGHT",81304
"R PUPIL SIZE LEFT",81124
"R PUPIL REACTION RIGHT",80870
"R PUPIL REACTION LEFT",80841
"R R PUPIL SHAPE",80628
"R L PUPIL SHAPE",80617
"R LUE MOTOR STRENGTH",80324
"R RUE MOTOR STRENGTH",80267
"R URINE APPEARANCE",79657
"R RLE MOTOR STRENGTH",79423
"R LLE MOTOR STRENGTH",79303
"R PULSE OXIMETRY TYPE",78520
"R MAP A-LINE",77383
"R ARTERIAL LINE BLOOD PRESSURE",77139
"R ICU ALARM POX SPO2 LOW",66234
"R ICU ALARM POX SPO2 HIGH",65361
"R URINE ODOR",63836
"R OXYGEN FLOW RATE",63077
"R WOUND SITE ASSESSMENT",62350
"R OXIMETRY PROBE SITE CHANGED",61332
"R ICP MEAN",59903
"R CPN - NIH STROKE SCALE - NIH STROKE SCALE: 5A. MOTOR ARM, LEFT",59857
"R CPN - NIH STROKE SCALE - NIH STROKE SCALE: 5B. MOTOR ARM, RIGHT",59818
"R CPN - NIH STROKE SCALE - NIH STROKE SCALE: 6A. MOTOR LEG, LEFT",59797
"R CPN - NIH STROKE SCALE - NIH STROKE SCALE: 6B. MOTOR LEG, RIGHT",59665
"R PVS (WDL)",59463
"R TUBE FEEDING RATE GASTRO",58037
"R DRAIN OUTPUT",57470
"R WOUND DRESSING",56554
"R PVS PULSE PEDAL RIGHT",55805
"R PERI-CARE",55784
"R PERI-WOUND ASSESSMENT",55243
"R CEREBRAL PERFUSION PRESSURE",55034
"R URINE OCCURRENCE",53609
"R STOOL SOURCE",53546
"R IP UCH TUBE PLACEMENT VERIFICATION",48790
"URINE OUTPUT",47958
"ORAL INTAKE",47723
"R TUBE INTERNAL LOCATION",46939
"R VENT PRESS SUPP SET",46670
"R PVS PULSE PEDAL LEFT",46500
"R SIZE OF HEMATOMA",45664
"R WOUND DRAINAGE AMOUNT",44983
"R DRESSING TYPE",44825
"R MAP A-LINE 2",44218
"R ARTERIAL LINE BLOOD PRESSURE 2",44157
"R IP COMPRESSION BOOTS",42928
"R PVS PULSE RADIAL RIGHT",42674
"INTRAVENOUS INTAKE",42668
"R PVS PULSE RADIAL LEFT",42326
"R TUBE FEEDING PRODUCT GASTRO",38216
"R FOLEY CARE",38036
"R COLLECTION CONTAINER",37350
"R FEATURE 1: ACUTE ONSET OR FLUCTUATING COURSE",37045
"R CAPILLARY REFILL: GENERAL",36786
"R STOOL OCCURRENCE",36601
"R TUBE INTAKE",36574
"R LDA AIRWAY TRIGGER",36296
"R TUBE FEEDING FREQUENCY",36086
"R CYANOSIS",36022
"R SECUREMENT METHOD",35861
"PLACEMENT DATE",35653
"R OVERALL CAM-ICU",35466
"R OPEN DRAIN STATUS",34926
"R AIRWAY SECURED AT",34761
"R AIRWAY MEASURED FROM",34680
"R IP UCH TOLERANCE TO TUBE FEEDS",34481
"R BEDSIDE CARDIAC MONITOR ON",33011
"R STOOL COLOR",32778
"R FEATURE 3: ALTERED LEVEL OF CONSCIOUSNESS",32723
"R FEATURE 2: INATTENTION",32662
"R IP TF RESIDUAL GASTRO",32485
"R FEATURE 4: DISORGANIZED THINKING",32470
"R BEDSIDE CARDIAC AUDIBLE",32146
"R BEDSIDE CARDIAC ALARMS SET",32020
"R TUBE FEEDING FLUSH (ML) GASTRO",31745
"R STOOL AMOUNT",31417
"R CARDIAC REGULARITY",30828
"R TELEMETRY MONITOR ON",30018
"PLACEMENT TIME",29649
"R STOOL APPEARANCE",29218
"R PULSES TRIGGER",29153
"R QUANTITATIVE PUPIL SIZE (R)",28910
"R QUANTITATIVE PUPIL (L)",28844
"R TUBE FEEDING BAG CHANGED GASTRO",28806
"R NPI L",28777
"REMOVAL DATE",28664
"R NPI R",28616
"R BLOOD GLUCOSE",27591
"R DRESSING CHANGE DUE",26091
"REMOVAL TIME",25805
"R CORE (BODY) TEMPERATURE",25717
"R WOUND SITE CLOSURE",24058
"R REASON FOR COMMUNICATION",23200
"R NTRN PERCENT MEALS EATEN",23135
"R SHEATH ASSESS",22996
"R SURGICAL AIRWAY STATUS",22875
"R METHOD OF COMMUNICATION",22842
"R PROVIDER NAME",22483
"R PROVIDER ROLE",22345
"R RESPONSE",22286
"R PROVIDER NOTIFICATION DETAILS NEW",21497
"R PVS CAPILLARY REFILL RLE",20608
"R PAIN BODY LOCATION 1",20598
"R SURGICAL AIRWAY TIES ASSESSMENT",20217
"R DRAIN SURROUNDING SKIN",19831
"R SKIN COLOR RLE",19803
"R UCH SHEATH DRESSING STATUS",19774
"R QUANTITY OF BLOOD",19765
"R PVS RLE TEMPERATURE/MOISTURE",19670
"R WOUND TREATMENTS",19246
"R CPP (CALCULATED)",17904
"R EXTERNAL CATHETER",17871
"R POST SHEATH REMOVAL COMPLICATIONS",17847
"R LDA INSERTED BY",17547
"R IP TUBE FEEDING RESIDUAL RETURNED GASTRO",16744
"R PAIN INTERVENTION",16634
"R DRESSING INTERVENTION",16094
"R LDA ORIENTATION",15894
"R LDA LOCATION",15615
"R IV CATHETER SIZE",15602
"R PAIN REASSESSMENT SCORE",14676
"R CSF COLOR",14363
"R PAIN MED SIDE EFFECTS",14296
"R ART LINE WAVE FORM",14147
"R ICP DRAIN STATUS",14095
"R ART LINE LOCATION",14040
"R REASON IV SITE NOT ROTATE",13489
"R TIME ATTEMPTED CONTACT",13457
"R PACEMAKER",13366
"R DISTAL LUMEN",13041
"R MEDIAL LUMEN",12875
"R RT ETCO2",12615
"PROXIMAL LUMEN",12502
"R LDA PATIENT TOLERANCE",12403
"R TIME RESPONSE RECEIVED",12292
"R CARDIAC RHYTHM SIMPLE",12237
"R O2 SAT %",12125
"R PRESSURE ULCER DRESSING STATUS",11784
"R ARTERIAL LINE WAVEFORM",11675
"R ARTERIAL LINE STATUS",11637
"R ARTERIAL LINE CARE",11589
"R LDA REMOVAL REASON",11580
"R SITE DESCRIPTION",11481
"WEIGHT/SCALE",11385
"R ART LINE CMS",11376
"R PAIN DESCRIPTORS",11203
"R SURGICAL AIRWAY SITE ASSESSMENT",11138
"R WOUND DRAINAGE COLOR",11105
"R LDA INSERTION ATTEMPTS",11050
"R SITE PREP",10932
"R PUPIL ASSESSMENT SIMPLE",10769
"R IP TUBE FEEDING RESIDUAL DESCRIPTION GASTRO",10718
"R PVS CAPILLARY REFILL LLE",10141
"R PVS SKIN COLOR LLE",9780
"R PVS LLE TEMPERATURE/MOISTURE",9582
"R TUBE FEEDING WATER BOLUS GASTRO",9526
"R WOUND MARGINS",9400
"R PAIN LOCATION ORIENTATION 1",9348
"R PAIN TYPE",9310
"R ECTOPY",8763
"R BLADDER SCAN",8518
"R ENTEROSTOMY DRAINAGE APPEARANCE",8472
"R BLADDER SCAN PERFORMED",8112
"R PAIN FREQUENCY",8016
"R ECTOPY FREQUENCY",7962
"R NON-STAGED WOUND DESCRIPTION",7705
"R MOTOR FUNCTION/SENSATION SIMPLE",7680
"R STOOL CONSISTENCY: BRISTOL STOOL CHART",7296
"R CRRT MAINTENANCE BLOOD PUMP RATE",7275
"R WOUND STAGE GENERIC",7189
"HEIGHT",6777
"R WEIGHT NEEDED FOR BMI OF 25",6717
"R SURGICAL AIRWAY SITE CARE",6675
"R EMESIS OCCURRENCE",6556
"R CIWA-AR TREMOR",6410
"R CIWA-AR ANXIETY",6406
"R CIWA-AR PAROXYSMAL SWEATS",6401
"R CIWA-AR TACTILE DISTURBANCES",6400
"R CIWA-AR NAUSEA AND VOMITING",6399
"R CIWA-AR AGITATION",6398
"R CIWA-AR AUDITORY DISTURBANCES",6395
"R CIWA-AR HEADACHE, FULLNESS IN HEAD",6390
"R CIWA-AR VISUAL DISTURBANCES",6389
"R CIWA-AR (ICU ONLY) CNS SUBTOTAL",6385
"R CIWA-AR ORIENTATION AND CLOUDING OF SENSORIUM",6379
"R CIWA-AR (ICU ONLY) ADRENERGIC SUBTOTAL",6370
"R ATRIAL FIBRILLATION RATE",6203
"R PIV LOCAL ANESTHETIC",6119
"R $ STRAIGHT CATH PERFORMED",5925
"R UCH DRAIN/TUBE STATUS",5911
"R INTERMITTENT/STRAIGHT CATH (ML)",5896
"R CIWA-AR TOTAL",5423
"R NEURO ICU OCULOMOTOR",5333
"R OSTOMY DRESSING TYPE",5309
"R AMBULATION RESPONSE",5247
"R BRAIN TISSUE PO2",5204
"R BRAIN TISSUE TEMP",5151
"R STOOL MEASURED",5111
"R ICP MEAN #2",5095
"R BMI",5092
"R BSA",5092
"R PRESSURE ULCER DRESSING CHANGED",4939
"R CRITICAL VALUE REPORTED:",4883
"R DRAIN LDA REMOVAL REASON",4880
"R AN SKIN TEMP",4810
"R CEREBRAL PERFUSION PRESSURE #2",4782
"R PAIN CLINICAL PROGRESSION",4732
"R IP UCH NG/OG TUBE STATUS",4665
"R ED VITALS ASSESSMENT",4640
"R WEIGHT SOURCE",4593
"R CENTRAL VENOUS PRESSURE",4562
"R SEIZURE PSYCHOMOTOR SYMPTOMS",4346
"R LDA INSERTION METHOD",4320
"R LDA NASAL/ORAL TUBE SITE ASSESSMENT",4237
"EMESIS",3926
"R HEMODEX  K-VALUE",3838
"PATIENT OBSERVATIONS",3775
"R ENTEROSTOMY CATHETER POSITION",3742
"R LDA EXISTING LDA PLACED BY",3719
"R NON-INVASIVE CARDIAC INDEX",3667
"R NON-INVASIVE CARDIAC OUTPUT",3614
"R SURGICAL AIRWAY INNER CANNULA CARE",3509
"R NON-INVASIVE STROKE VOLUME",3505
"R PICC ORIENTATION",3483
"R PERFUSION (RCBF)",3402
"R CPN ALDRETE PREPROCEDURE ACTIVITY",3280
"R CPN ALDRETE PREPROCEDURE RESPIRATION",3277
"R CPN ALDRETE PREPROCEDURE CONSCIOUSNESS",3275
"R UCH SED ALDRETE PREPROCEDURE",3269
"R CPN ALDRETE PREPROCEDURE CIRCULATION",3252
"R $ FOLEY INSERTED?",3236
"R WOUND DESCRIPTION",3220
"R SED ALDRETE PREPROCEDURE",3203
"R NUTRITION SUPPLEMENT",3065
"R HEMODYNAMIC MONITORING ADDITIONAL ASSESSMENT",3037
"R CATHETER BALLOON SIZE",3021
"R SHIFT EVENT",2862
"R AMBULATION DISTANCE",2814
"R CATHETER URINE RETURNED",2806
"R ICP/VENTRICULOSTOMY LDA TRIGGER ROW",2711
"R LINE CARE",2666
"R ENTEROSTOMY DRAIN STATUS",2603
"R URETHRAL CATHETER TYPE",2587
"R PPA",2521
"R PACEMAKER TYPE SIMPLE",2510
"R AIRWAY SIZE",2263
"R WOUND LOCATION",2251
"R CATHETER CONTINUATION REASON",2216
"R IP BLOOD ADMINISTRATION VOLUME",2208
"R SITE ROTATION DUE",2207
"R PT LOCATION AT TIME OF LINE PLACEMENT",2152
"R STROKE VOLUME INDEX COMPLEX",2126
"R IP UCH LDA FEEDING TUBE TYPE",2113
"R STROKE VOLUME VARIATION",2103
"R TUBE FEED CALORIC INTAKE",2080
"R IP UCH TUBE DRAINAGE AMOUNT(ML)",2062
"R TUBE FEEDING PRODUCT GASTRO NUTRITION",2040
"R TUBE FEED CALORIC DENSITY",2027
"R TUBE SIZE",1994
"OTHER INTAKE",1937
"R VENTRICULOSTOMY DRAIN STATUS",1934
"R BLOOD OUTPUT",1879
"R IP UCH NG/OG TF RATE",1797
"R PVS PULSE FEMORAL RIGHT",1791
"R WOUND TYPE GENERIC",1787
"R PRESSURE ULCER LOCATION",1783
"R IP UCH LDA FEEDING TUBE LOCATION",1763
"R CONDITIONS OF LINE PLACEMENT",1762
"R PATIENT STATED PAIN GOAL",1754
"R AIRWAY CUFFED",1723
"R CARDIAC INDEX",1711
"R RN GIVING REPORT",1710
"R ESTIMATED BLOOD LOSS",1703
"R RN RECEIVING REPORT",1702
"R WOUND LENGTH",1696
"R REASON FOR HANDOFF",1674
"R CARDIAC OUTPUT",1665
"R IP UCH LDA FEEDING TUBE ORIENTATION",1663
"R NON-INVASIVE SYSTEMIC VASCULAR RESISTANCE COMPLEX",1595
"R TRAIN OF FOUR TWITCHES",1594
"R STROKE VOLUME COMPLEX",1564
"R WOUND WIDTH",1559
"R WOUND LOCATION ORIENTATION",1524
"R WOUND NUMBER",1502
"R RECTAL TUBE OUTPUT",1500
"R SUSPECTED TRANSFUSION REACTION?",1495
"R PRESSURE ULCER ORIENTATION",1492
"R BEDSIDE HANDOFF",1475
"R WOUND PRE-EXISTING",1451
"R TRAIN OF FOUR AMPS",1444
"R IP UCH NG/OG TF PRODUCT",1386
"R CHEST TUBE FUNCTION",1384
"R SECUREMENT",1383
"R ART LOCATION",1353
"R DEVICE PAP MEAN",1333
"R NEEDLELESS CONNECTOR CHANGE",1331
"R UCH DRAIN/TUBE TYPE",1310
"R BIS",1281
"R CHEST TUBE AIR LEAK",1276
"R PAP",1273
"R IP POSS",1238
"R AIRWAY PLACEMENT PERSON",1224
"R CHEST TUBE DESCRIPTION OF DRAINAGE",1206
"R CVC LOCATION",1200
"R IP UCH NG/OG TF RESIDUAL",1143
"R IP UCH NG/OG TOLERANCE TO TUBE FEED",1137
"R HEART BLOCK TYPE",1134
"R IP $ A LINE/SWAN BLOOD DRAW",1131
"R CHEST TUBE OUTPUT",1126
"R IP UCH NG/OG FEEDING BAG CHANGED",1121
"R IP UCH TUBE INITIAL VERIFICATION",1095
"R SHEATH LINE STATUS",1060
"R OSTOMY SITE ASSESSMENT",1048
"R RLE DVT PROPHYLAXIS",1045
"R ARTERIAL/VENOUS SHEATH INSERTION SITE",1032
"R LINE ORIENTATION",1029
"R COOLING THERAPY",1025
"R HD BRUIT",1008
"R HD THRILL",1007
"R MULTIPLE PAIN SITES",950
"R PVS ADDITIONAL ASSESSMENTS",950
"R VENT ETCO2",935
"R HD SITE ASSESSMENT",927
"R CHEST TUBE PATENCY INTERVENTION",918
"R SHIVERING ASSESSMENT",912
"R SHEATH SIZE",907
"R HEMO BY",885
"R SHEATH REMOVED BY",868
"R $ ASSIST WITH ARTERIAL LINE INSERTION",862
"R PVS PULSE FEMORAL LEFT",837
"R TEMPERATURE SOURCE - THERMOREGULATION",821
"R PREVIOUS INTERVENTION RESPONSE",807
"R WEIGHT METHOD",805
"R TOTAL PERIPHERAL RESISTANCE INDEX",792
"R THERMOREGULATION MODE",785
"R PRE MEDS GIVEN",776
"R SHEATH REMOVED IN",775
"R ATTEMPTED ALTERNATIVES TO URINARY CATHETER",761
"R TUBE NUMBER",757
"R PAIN - PAINAD (PAIN ASSESSMENT IN ADVANCED DEMENTIA) - BREATHING",755
"R POST VOID CATH RESIDUAL (ML)",752
"R TOTAL PERIPHERAL RESISTANCE",745
"R ART LINE SUTURED",738
"R MAGIC CUP",731
"R PULSE RATE PLETHYSMOGRAM",731
"R NG/OG TUBE TYPE",720
"R INFORMED CONSENT OBTAINED-PRE-TRANSFUSION",705
"R SEIZURE MOTOR COMPONENT",697
"R PAIN - PAINAD (PAIN ASSESSMENT IN ADVANCED DEMENTIA) - NEGATIVE VOCALIZATION",681
"R NOTIFICATION TIME",680
"R PAIN - PAINAD (PAIN ASSESSMENT IN ADVANCED DEMENTIA) - FACIAL EXPRESSION",679
"R PAIN - PAINAD (PAIN ASSESSMENT IN ADVANCED DEMENTIA) - BODY LANGUAGE",676
"R PEDSPAIN PAIN WONG-BAKER FACES PAIN RATING SCALE",675
"R PAIN - PAINAD (PAIN ASSESSMENT IN ADVANCED DEMENTIA) - CONSOLABILITY",671
"R PAIN - PAINAD (PAIN ASSESSMENT IN ADVANCED DEMENTIA) - PAINAD SCORE",668
"R $ ASSIST WITH NON-TUNNELED CVC PLACEMENT",654
"R BENEPROTEIN - PROTEIN POWDER",652
"R PVS PULSE POPLITEAL RIGHT",650
"R CVC CATHETER FULLY INSERTED",635
"R IP UCH NG/OG TF RESIDUAL RETURNED",620
"R IP LDA SECURED AT (CM)",592
"R OSTOMY OUTPUT",581
"R NG/OG TUBE LOCATION",569
"R RECTAL POUCH DRAIN STATUS",556
"R RECTAL POUCH INTACT",551
"R ED HEIGHT METHOD",547
"R BP PATIENT POSITION",542
"R LDA EXISTING URETHRAL CATH PLACED BY",477
"R IP UCH NG/OG TF RESIDUAL DESCRIPTION",466
"R MYOSURE OUTPUT",427
"R INTRODUCER SPECIFIC QUALITIES",424
"R LDA PLACMENT VERFICATION - MULTI-SELECT (2)",424
"R DESCRIPTION",416
"R RECTAL POUCH STOOL APPERANCE",413
"R SURGICAL AIRWAY STYLE",412
"R PAIN RADIATING TOWARDS",410
"R SURGICAL AIRWAY BRAND",406
"R INCISION NUMBER",388
"R EXTERNAL URINARY CATHETER SIZES",379
"R TYPE OF WOUND (LDA)",372
"R EEG",353
"R GCS - EYES INITIAL HOSPITAL",350
"R GCS - MOTOR INITIAL HOSPITAL",350
"R GCS - SCORE INITIAL HOSPITAL",350
"R GCS -VERBAL INITIAL HOSPITAL",350
"R VENTRICULOSTOMY DEVICE",340
"R PACER WIRE LDA TRIGGER ROW",338
"R UROSTOMY OUTPUT",334
"R IP CEA HEMATOMA PRESENT",333
"R SHEATH STATUS",333
"R IP CEA HOARSE VOICE",332
"R PD STATUS",330
"R IP CEA DIFFICULT SWALLOWING",329
"R IP CEA RESPIRATORY STRIDER",328
"R VENTRICULOSTOMY ORIENTATION",321
"R ARTERIAL LINE LOCATION 2",320
"R OSTOMY TREATMENT",318
"R LDA IABP DRESSING STATUS",314
"R SCALE USED",308
"RIS IR ALS",303
"R BOOST",302
"R RECTAL POUCH OUTPUT",302
"R IP UCH LDA SITE PLACED OFF UNIT",300
"R GCS - TOTAL PREHOSPITAL",298
"R RECTAL TUBE TYPE",297
"R RIS PAIN ASSESSMENT",287
"R PACER MODE",270
"R GCS - EYES PREHOSPITAL",267
"R GCS - MOTOR PREHOSPITAL",267
"R GCS - VERBAL PREHOSPITAL",266
"R ED CO2 VALUE",263
"R ED CARDIAC (WDL)",246
"R SYSTEMIC VASCULAR RESISTANCE INDEX COMPLEX",240
"R BIS ALARM HIGH LIMIT",236
"R CBI FOLEY OUTPUT",236
"R PD DRESSING",234
"R SYSTEMIC VASCULAR RESISTANCE COMPLEX",219
"R BIS EMG",205
"R CBI IRRIGATION INTAKE",193
"R BOOST PLUS",188
"R EFFECT OF PAIN ON ADL",184
"R DRUG CALCULATION WEIGHT",182
"R CARDIAC TELE NEW VITALS ABNORMAL",181
"R SYMPTOMS OF HYPOGLYCEMIA",172
"R CBI NET OUTPUT",166
"R LDA PLACEMENT VERIFICATION - MULTI-SELECT",161
"R PACEMAKER TEMPORARY WIRES",160
"R LDA EXISTING NG PLACED BY",157
"R UCH ADD CV ACCESS SITE LDA",153
"R TREATMENT FOR HYPOGLYCEMIA",152
"R LDA DESCRIPTION",150
"R SLP GOAL PATIENT WILL COMPLETE ORAL MOTOR EXERCISE",149
"R IP RBC UNIT (2)",147
"R OTHER LAB",141
"R INTRODUCER ORIENTATION",139
"R PATIENT STATUS POST TREATMENT",139
"R TYPE OF SWAN GANZ",132
"R FICK CARDIAC OUTPUT CHARGE",125
"R PAIN BODY LOCATION 2",121
"R SWAN LUMEN STATUS",121
"R PAIN INTENSITY 2",119
"R PPV",119
"R CBI RATE",118
"R RECTAL POUCH CANISTER LEVEL",113
"R SWAN PLACEMENT DATE",113
"R SWAN GANZ WAVE FORM",111
"R SWAN GANZ @",108
"R BOOST PUDDING",107
"R AEROSOLIZATION VISUALIZED?",102
"R SATURATED VENOUS O2",102
"R PULMONARY CAPILLARY WEDGE PRESSURE",101
"R ICP MONITORING",100
"R PACEMAKER VENTRICULAR RATE",100
"R IP RBC UNIT",98
"R PATIENT EDUCATED ON S7S AND TREATMENT",97
"R CHEST TUBE ORIENTATION",96
"R CBI IRRIGANT",94
"R LDA  APPLIED BY",94
"R RECTAL POUCH INTERVENTION",91
"R PULMONARY VASCULAR RESISTANCE COMPLEX",90
"R BOOST BREEZE",86
"R NPWT UNIT TYPE",85
"R ANE TOF",82
"R CODE PULSE CHECK",81
"R ED JVD",80
"R ART LINE WAVE FORM 2",78
"R PAIN DESCRIPTORS 2",73
"R PAIN LOCATION ORIENTATION 2",72
"R HYPOGLYCEMIA PO GIVEN",71
"R RAP ICP 2 MEAN (MMHG)",70
"R UCH SED NAR LOC",70
"R BOOST GLUCOSE CONTROL",66
"R PAIN TYPE 2",66
"PEDS - PAIN - PAIN ASSESSMENT/FLACC - PAIN RATING: FLACC (REST) - FACE 1",65
"R PACEMAKER ATRIAL RATE",63
"R INTRODUCER LOCATION",62
"R IP FFP UNITS",62
"R TROPONIN",62
"PEDS - PAIN - PAIN ASSESSMENT/FLACC - PAIN RATING: FLACC (REST) - ACTIVITY 1",61
"PEDS - PAIN - PAIN ASSESSMENT/FLACC - PAIN RATING: FLACC (REST) - CONSOLABILITY 1",61
"PEDS - PAIN - PAIN ASSESSMENT/FLACC - PAIN RATING: FLACC (REST) - CRY 1",61
"R LDA PACER WIRE SITE ASSESSMENT",61
"R IP PLATELETS UNITS (2)",60
"R HB TREATMENT START TIME",59
"R LDA PACER WIRE STATUS",59
"R HEART SOUNDS",58
"PEDS - PAIN - PAIN ASSESSMENT/FLACC - PAIN RATING: FLACC (REST) - LEGS 1",57
"PEDS - PAIN - PAIN ASSESSMENT/FLACC - PAIN: SCORE: FLACC (REST) 1",57
"R MLS OF AIR NEEDED TO WEDGE",57
"R HEMODIALYSIS ORIENTATION",55
"R IP FFP UNITS (2)",55
"R PAIN FREQUENCY 2",54
"R PAIN ONSET",54
"R CHEST TUBE LOCATION",52
"R LDA LINE STATUS SIMPLE",50
"R ONC SIDE EFFECTS",50
"R MYOSURE INTAKE",49
"R LDA HOW PACER WIRES ARE SECURED",47
"R IP PLATELETS UNITS",46
"R PAIN INTERVENTION 2",44
"G GCS AT TIME OF DISCHARGE",42
"R PAIN CLINICAL PROGRESSION 2",40
"R ESTIMATED DRY WEIGHT",39
"R PAIN ONSET 2",39
"R INTRODUCER PLACEMENT VERIFIED",38
"R PD EFFLUENT VOL OUT",35
"R POTASSIUM",34
"R INITIAL GCS COMMENT",32
"R PD VOL IN",32
"R HD ACCESS TYPE",31
"R HD ACCESS LOCATION",30
"PEDS - PAIN - PAIN ASSESSMENT/FLACC - PAIN RATING: FLACC (ACTIVITY) - FACE 1",28
"PEDS - PAIN - PAIN ASSESSMENT/FLACC - PAIN RATING: FLACC (ACTIVITY) - ACTIVITY 1",27
"PEDS - PAIN - PAIN ASSESSMENT/FLACC - PAIN RATING: FLACC (ACTIVITY) - CONSOLABILITY 1",27
"PEDS - PAIN - PAIN ASSESSMENT/FLACC - PAIN RATING: FLACC (ACTIVITY) - LEGS 1",24
"PEDS - PAIN - PAIN ASSESSMENT/FLACC - PAIN RATING: FLACC (ACTIVITY) - CRY 1",23
"PEDS - PAIN - PAIN ASSESSMENT/FLACC - SCORE: FLACC (ACTIVITY) 1",23
"R LDA IABP CMS",23
"R EPIDURAL SITE ASSESSMENT",22
"R ORT WORK RELATED 1",22
"R IP UCH ADD THERMO LDA",21
"R PD BALANCE THIS EXCHAGE",21
"R PD INPUT STATUS",21
"R GLUCOSE",20
"R IP CRYO UNITS",20
"R PACEMAKER BATTERY CHANGED",20
"R PD DIANEAL SOLUTION",20
"R TUBE OUTPUT",20
"R PD DWELL TIME",19
"R HB TREATMENT END TIME",18
"R HYPOTHERMIA PROTOCOL CANDIDATE",18
"R IP CRYO UNITS (2)",18
"R IP MANUAL PERITONEAL DIALYSIS PERFORMED CHARGE",18
"R JUNCTIONAL RHYTHM",18
"R OB MOTOR BILATERAL",18
"R PTT/HPTT",18
"R DERMATOME - EPIDURAL",17
"R PUPIL SIZE (COWS)",17
"R IP HC $ CHEST TUBE EXCHANGE",16
"R BLADDER/INTRA-ABDOMINAL PRESSURE",15
"R ORT INJURY RESULT 1",15
"R PAIN GOAL 2",15
"R LAP",13
"R OTHER SUPPLEMENT (ML)",13
"R PERI-OP VITALS ASSESSMENT",13
"R PD EFFLUENT APPEARANCE",12
"R CO2",11
"R PD EXCHANGE NUMBER",11
"R PD OUPUT STATUS",11
"R PULMONARY VASCULAR RESISTANCE INDEX COMPLEX",11
"R SWAN REMOVAL DATE",11
"R UCH TRANSVENOUS CATH (CM)",11
"R ORT PAIN ONSET: DATE 1",10
"R PH",10
"R UCH TRANSVENOUS CATH PLACEMENT DATE",10
"R DEVICE CONTINUOUS CARDIAC OUTPUT",9
"R DRAIN LDA TYPE TRIGGER ROW",9
"R OB MOTOR LLE",9
"R OB MOTOR RLE",9
"R ED SEDATION NARR QT INTERVAL",8
"R HEMOGLOBIN",8
"R SVR",8
"R CALCIUM",7
"R ED HYPOHYPERTHERMIA TEMP",7
"R RIGHT VENTRICULAR STROKE WORK COMPLEX",7
"R URINE LDA TRIGGER ROW",7
"R WBC",7
"R LEFT VENTRICULAR STROKE WORK COMPLEX",6
"R O2 DELIVERY INDEX (DO2I)",6
"R PAIN BODY LOCATION 3",6
"R PEDSPAIN PAIN WONG-BAKER FACES PAIN RATING SCALE 2",6
"R SVO2",6
"R PD DIANEAL ANTIBIOTIC",5
"R REACTION INTERVENTIONS",5
"R UVP (MEAN)",5
"R BRAIN TISSUE PO2 - LICOX #2",4
"R CPP MONITORING",4
"R IP MTP FFP UNITS",4
"R IP UCH RT SLOW VITAL CAPACITY",4
"R LAB NOTIFIED",4
"R LDA TRACH",4
"R PAIN LOCATION ORIENTATION 3",4
"R PAIN RADIATING TOWARDS 2",4
"R PD BAG WEIGHT",4
"R PHYSICIAN NOTIFIED",4
"R REACTION SYMPTOMS",4
"R THERMOREGULATION",4
"R $ SWAN GANZ INSERT/PLACEMENT",3
"R AN CENTRAL VENOUS PRESSURE",3
"R BRAIN TISSUE TEMP - LICOX #2",3
"R ED BLANKET TEMP",3
"R IP MTP FFP VOLUME",3
"R IP MTP RBC VOLUME",3
"R LDA IABP INTERVENTIONS",3
"R LDA IABP/VAD POST REMOVAL COMPLICATIONS",3
"R LDA PACER WIRE INITIAL POST REMOVAL SITE ASSESSMENT",3
"R LDA PACER WIRE REMOVAL REASON",3
"R LEFT CARDIAC WORK INDEX COMPLEX",3
"R PAIN DESCRIPTORS 3",3
"R PAIN INTENSITY 3",3
"R PAIN TYPE 3",3
"R PERITONEAL DIALYSIS TYPE",3
"R PLATELET",3
"R CEREBRAL PERFUSION PRESSURE (MONITOR)",2
"R IP MTP RBC UNITS",2
"R LDA TYPE OF PACING WIRES",2
"R OR PERIPHERAL NERVE CATHETER LATERALITY",2
"R PAIN ONSET 3",2
"R RAP #1",2
"R ARTERIAL LINE SITE (WDL) 1",1
"R BH MOTOR ACTIVITY",1
"R CURRENTLY IN PAIN",1
"R DEVICE CONTINUOUS CARDIAC INDEX",1
"R DIABETISHIELD",1
"R DRAIN/FEEDING TUBE LDA TRIGGER ROW",1
"R DRAIN/TUBE STATUS",1
"R ED ABI",1
"R HEMODYNAMIC MONITORING",1
"R IP MTP CRYO UNITS",1
"R IP MTP CRYO VOLUME",1
"R IP MTP PLATELETS UNITS",1
"R IP MTP PLATELETS VOLUME",1
"R IP UCH ADD IABP LDA",1
"R LDA ESOPHOGEAL SUCTION",1
"R LDA GASTROESOPHAGEAL BALLOON TAMPONADE (GEBT) TUBE TYPE",1
"R LDA HELMET TRACTION",1
"R LDA IABP INITIAL POST REMOVAL SITE ASSESSMENT",1
"R LDA IABP INSERTION SITE",1
"R LDA INSERTION ATTEMPT 1",1
"R LDA NASAL/ORAL ESOPHAGEAL ASPIRATE APPEARANCE",1
"R LDA NASAL/ORAL ESOPHAGEAL BALLOON INFLATED",1
"R LDA NASAL/ORAL GASTRIC BALLOON INFLATED",1
"R LDA NG/OG PLACEMENT VERIFICATION",1
"R LDA SCISSORS AT BEDSIDE",1
"R LDA TYPE TRIGGER ROW",1
"R LEFT VENTRICULAR STROKE WORK INDEX COMPLEX",1
"R MOTOR PLANNING",1
"R NICU SET POINT",1
"R NWBN - PAIN - N-PASS (NEONATAL PAIN, AGITATION AND SEDATION) - BEHAVIOR STATE",1
"R NWBN - PAIN - N-PASS (NEONATAL PAIN, AGITATION AND SEDATION) - EXTREMITIES TONE",1
"R NWBN - PAIN - N-PASS (NEONATAL PAIN, AGITATION AND SEDATION) - FACIAL EXPRESSION",1
"R NWBN - PAIN - N-PASS (NEONATAL PAIN, AGITATION AND SEDATION) - VITAL SIGNS",1
"R ORT WORK RELATED",1
"R PAIN GOAL 3",1
"R PAIN INTERVENTIONS 3",1
"R RESPONSE TO INTERVENTIONS 2",1
"R RIGHT CARDIAC WORK INDEX COMPLEX",1
"R RIGHT VENTRICULAR STROKE WORK INDEX COMPLEX",1
"R THERMOREGULATION SET TEMP",1
